allele,t=0,t=1,t=2,t=3,t=4,t=5,t=6,t=7,t=8,t=9,t=10
IGFG,0.6313703056375001,0.6578862900950468,0.48516794833433013,0.37760691499807575,0.3106294823327763,0.266302225690289,0.187597178505628,0.202878433010471,0.21885417963744103,0.23548333449442457,0.2527165655399563
VGFG,0.0600876593,0.05846868835642642,0.05915451962279087,0.04864048879237581,0.03700249050507036,0.027233027636345126,0.011595611939034097,0.011346711259571129,0.011088692886378187,0.010822304347714317,0.01054839937853295
VGFA,0.0922583845,0.09014663323327571,0.1347365335590001,0.1597547655723449,0.1724294478084641,0.178163856849449,0.1760166558219557,0.17058894443546815,0.16519411773954493,0.15984114391544643,0.1545394315714637
VAYG,0.1983400648499999,0.19349838831525112,0.32094099848387886,0.41399783063720363,0.47993857935368933,0.5283008898239169,0.6247905537333823,0.6151859112944897,0.604863009736636,0.5938532172424148,0.5821956035100472
