allele,t=0,t=1,t=2,t=3,t=4,t=5,t=6,t=7,t=8,t=9,t=10
IGFG,0.6151471279749999,0.6412537536096959,0.6551779889302595,0.6685771902419956,0.6814608599393334,0.6938403521621499,0.705728480023731,0.7171391711040743,0.7280871686724748,0.7385877753507929,0.7486566355065516
VGFG,0.062133504150000005,0.06065255611667403,0.05810246989517252,0.055657672344719154,0.05331549760379062,0.05107300316932615,0.04892704161465561,0.04687432245874592,0.04491146490231325,0.04303504224469967,0.041241618836091606
VGFA,0.09511718975,0.09313588886483538,0.08952549704185636,0.08608049379230802,0.08279387729177991,0.07965864977788106,0.0766678833346489,0.07381477291876506,0.0710926781417217,0.0684951552885151,0.06601598097332285
VAYG,0.209015390175,0.20495780140879494,0.19719404413271166,0.1896846436209773,0.18242976516509626,0.175427994890643,0.1686765950269645,0.1621717335184147,0.1559086882834902,0.14988202711599236,0.14408576468403403
